1,Carolyn Bliss,2004-10-01
2,Denise Daley,2010-04-16
3,James Weissman,2010-04-14
4,Grace Napier,2013-03-23
5,Shelly Sunderland,2023-08-21
6,Benjamin Frascone,2015-04-30
7,John Thomas,2007-09-28
8,Jean Dreher,2014-04-24
9,Jose Cochran,2022-03-23
10,Richard Roberson,2021-04-15
11,Brittany Tyson,2018-04-04
12,Timmy Francis,2016-01-31
13,Larry Hughes,2006-07-12
14,Eric Richardson,2005-05-31
15,Carla Merrow,2011-04-07
16,Robert Prottsman,2005-02-23
17,Michelle Dionne,2018-08-24
18,Jack Sigmon,2023-04-25
19,Frank Lyman,2013-01-30
20,Jeff Nozum,2020-07-03
21,Craig Sutterfield,2018-01-24
22,Janet Platt,2010-10-04
23,Terri Credeur,2005-09-05
24,Walter Shindle,2011-09-14
25,Michael Sackal,2021-01-25
26,Mary Karol,2014-05-30
27,Shawn Bonneville,2023-02-09
28,Erich Collazo,2020-06-12
29,Linda Gordon,2005-08-26
30,Jesse Buckland,2017-07-29
31,Alton Gatlin,2015-09-16
32,Anthony Neal,2007-02-22
33,Jill Wallace,2021-02-26
34,Andrea Martin,2019-04-27
35,Ralph Oliveira,2018-06-18
36,Steven Givens,2011-10-26
