1,Doctor of Veterinary Medicine (DVM)
2,Doctor of Veterinary Medicine (DVM)
3,Doctor of Veterinary Medicine (DVM)
4,Doctor of Veterinary Medicine (DVM)
5,Doctor of Veterinary Medicine (DVM)
6,Registered Veterinary Technician (RVT)
7,Registered Veterinary Technician (RVT)
8,Registered Veterinary Technician (RVT)
9,Registered Veterinary Technician (RVT)
10,Registered Veterinary Technician (RVT)
11,Board Certified Veterinary Dentist
12,Board Certified Veterinary Dentist
13,Board Certified Veterinary Dentist
14,Board Certified Veterinary Dentist
15,Veterinary Technician Specialist in Dentistry
16,Veterinary Technician Specialist in Dentistry
17,Veterinary Technician Specialist in Dentistry
18,Veterinary Technician Specialist in Dentistry
19,Veterinary Assistant
20,Veterinary Assistant
21,Veterinary Assistant
22,Registered Veterinary Technician (RVT)
22,Veterinary Assistant
23,Registered Veterinary Technician (RVT)
23,Veterinary Assistant
24,Registered Veterinary Technician (RVT)
24,Doctor of Veterinary Medicine (DVM)
25,Registered Veterinary Technician (RVT)
25,Doctor of Veterinary Medicine (DVM)
